"System Timestamp","Latitude","Longitude","Altitude"
1400138456000,52.84276,9.232478,76.900024
1400138458000,52.842728,9.232475,76.599976
1400138459000,52.84274,9.232443,83.900024
1400138460000,52.84275,9.232463,89.0
1400138461000,52.842743,9.232473,87.29999
1400138462000,52.842743,9.232463,88.0
1400138463000,52.842743,9.232463,88.0
1400138464000,52.842743,9.232463,88.0
1400138465000,52.842743,9.232463,88.0
1400138466000,52.842743,9.232463,88.0
1400138467000,52.842743,9.232463,88.0
1400138468000,52.842743,9.232463,88.0
1400138469000,52.842728,9.232449,86.20001
1400138470000,52.84272,9.232446,86.0
1400138471000,52.842716,9.232442,85.79999
1400138472000,52.842712,9.232436,86.20001
1400138473000,52.842712,9.232432,86.400024
1400138474000,52.84271,9.232432,86.099976
1400138475000,52.842705,9.232429,86.29999
1400138476000,52.842705,9.232425,86.5
1400138477000,52.842705,9.232425,86.5
1400138478000,52.842705,9.232425,86.5
1400138479000,52.842705,9.232425,86.5
1400138480000,52.842705,9.232425,86.5
1400138481000,52.842705,9.232425,86.5
1400138482000,52.842674,9.232411,85.70001
1400138483000,52.842674,9.232418,84.900024
1400138484000,52.842674,9.232418,84.599976
1400138485000,52.842674,9.232419,84.599976
1400138486000,52.842674,9.232419,84.599976
1400138487000,52.842674,9.232419,84.599976
1400138488000,52.842674,9.232419,84.599976
1400138489000,52.842674,9.232419,84.599976
1400138490000,52.842674,9.232419,84.599976
1400138491000,52.842674,9.232419,84.599976
1400138492000,52.842674,9.232419,84.599976
1400138493000,52.842674,9.232419,84.599976
1400138494000,52.842674,9.232419,84.599976
1400138495000,52.842674,9.232419,84.599976
1400138496000,52.842674,9.232419,84.599976
1400138497000,52.842674,9.232419,84.599976
1400138498000,52.842674,9.232419,84.599976
1400138499000,52.842674,9.232419,84.599976
1400138500000,52.842674,9.232419,84.599976
1400138501000,52.842674,9.232419,84.599976
1400138502000,52.842674,9.232419,84.599976
1400138503000,52.842674,9.232419,84.599976
1400138504000,52.842674,9.232419,84.599976
1400138505000,52.842674,9.232419,84.599976
1400138506000,52.842674,9.232419,84.599976
1400138507000,52.842674,9.232419,84.599976
1400138508000,52.842674,9.232419,84.599976
1400138509000,52.842674,9.232419,84.599976
1400138510000,52.842674,9.232419,84.599976
1400138511000,52.842674,9.232419,84.599976
1400138512000,52.842674,9.232419,84.599976
1400138513000,52.842674,9.232419,84.599976
1400138514000,52.842674,9.232419,84.599976
1400138515000,52.842674,9.232419,84.599976
1400138516000,52.842674,9.232419,84.599976
1400138517000,52.842674,9.232419,84.599976
1400138518000,52.842674,9.232419,84.599976
1400138519000,52.842674,9.232419,84.599976
1400138520000,52.842674,9.232419,84.599976
1400138521000,52.842674,9.232419,84.599976
1400138522000,52.842674,9.232419,84.599976
1400138523000,52.842674,9.232419,84.599976
1400138524000,52.842674,9.232419,84.599976
1400138525000,52.842674,9.232419,84.599976
1400138526000,52.842674,9.232419,84.599976
1400138527000,52.842674,9.232419,84.599976
1400138528000,52.842674,9.232419,84.599976
1400138529000,52.842674,9.232419,84.599976
1400138530000,52.842674,9.232419,84.599976
1400138531000,52.842674,9.232419,84.599976
1400138532000,52.842674,9.232419,84.599976
1400138533000,52.842674,9.232419,84.599976
1400138534000,52.842674,9.232419,84.599976
1400138535000,52.842674,9.232419,84.599976
1400138536000,52.842674,9.232419,84.599976
1400138537000,52.842674,9.232419,84.599976
1400138538000,52.842674,9.232419,84.599976
1400138539000,52.842674,9.232419,84.599976
1400138540000,52.842674,9.232419,84.599976
1400138541000,52.842674,9.232419,84.599976
1400138542000,52.842674,9.232419,84.599976
1400138543000,52.842674,9.232419,84.599976
1400138544000,52.842674,9.232419,84.599976
1400138545000,52.842674,9.232419,84.599976
1400138546000,52.842674,9.232419,84.599976
1400138547000,52.842674,9.232419,84.599976
1400138548000,52.842674,9.232419,84.599976
1400138549000,52.842674,9.232419,84.599976
1400138550000,52.842674,9.232419,84.599976
1400138551000,52.842674,9.232419,84.599976
1400138552000,52.842674,9.232419,84.599976
1400138553000,52.842674,9.232419,84.599976
1400138554000,52.842674,9.232419,84.599976
1400138555000,52.842674,9.232419,84.599976
1400138557000,52.842674,9.232419,84.599976
1400138558000,52.842674,9.232419,84.599976
1400138559000,52.842674,9.232419,84.599976
1400138560000,52.842674,9.232419,84.599976
1400138561000,52.842674,9.232419,84.599976
1400138562000,52.842674,9.232419,84.599976
1400138563000,52.842674,9.232419,84.599976
1400138564000,52.842674,9.232419,84.599976
1400138565000,52.842674,9.232419,84.599976
1400138566000,52.842674,9.232419,84.599976
1400138567000,52.842674,9.232419,84.599976
1400138568000,52.842674,9.232419,84.599976
1400138569000,52.842674,9.232419,84.599976
1400138570000,52.842674,9.232419,84.599976
1400138571000,52.842674,9.232419,84.599976
1400138572000,52.842674,9.232419,84.599976
1400138573000,52.842674,9.232419,84.599976
1400138574000,52.842674,9.232419,84.599976
1400138575000,52.842674,9.232419,84.599976
1400138576000,52.842674,9.232419,84.599976
1400138577000,52.842674,9.232419,84.599976
1400138578000,52.842674,9.232419,84.599976
1400138579000,52.842674,9.232419,84.599976
1400138580000,52.842674,9.232419,84.599976
1400138581000,52.842674,9.232419,84.599976
1400138582000,52.842674,9.232419,84.599976
1400138583000,52.842674,9.232419,84.599976
1400138584000,52.842674,9.232419,84.599976
1400138585000,52.842674,9.232419,84.599976
1400138586000,52.842674,9.232419,84.599976
1400138587000,52.842674,9.232419,84.599976
1400138588000,52.842674,9.232419,84.599976
1400138589000,52.842674,9.232419,84.599976
1400138590000,52.842674,9.232419,84.599976
1400138591000,52.842674,9.232419,84.599976
1400138592000,52.842674,9.232419,84.599976
1400138593000,52.842674,9.232419,84.599976
1400138594000,52.842674,9.232419,84.599976
1400138595000,52.842674,9.232419,84.599976
1400138596000,52.842674,9.232419,84.599976
1400138597000,52.842674,9.232419,84.599976
1400138598000,52.842674,9.232419,84.599976
1400138599000,52.842674,9.232419,84.599976
1400138600000,52.842674,9.232419,84.599976
1400138601000,52.842674,9.232419,84.599976
1400138602000,52.842674,9.232419,84.599976
1400138603000,52.842674,9.232419,84.599976
1400138604000,52.842632,9.232464,76.0
1400138605000,52.842625,9.232467,75.79999
1400138606000,52.84262,9.23247,75.5
1400138607000,52.842617,9.2324705,75.29999
1400138608000,52.842617,9.23247,75.20001
1400138609000,52.842617,9.2324705,75.0
1400138610000,52.842617,9.2324705,75.0
1400138611000,52.842617,9.2324705,75.0
1400138612000,52.842617,9.2324705,75.0
1400138613000,52.842617,9.2324705,75.0
1400138614000,52.842617,9.2324705,75.0
1400138615000,52.842617,9.2324705,75.0
1400138616000,52.84262,9.232471,73.900024
1400138617000,52.842617,9.2324705,73.599976
1400138618000,52.84261,9.2324705,73.400024
1400138619000,52.842606,9.232472,73.20001
1400138620000,52.842606,9.232474,73.099976
1400138621000,52.842606,9.232477,73.0
1400138622000,52.84261,9.232477,72.70001
1400138623000,52.84261,9.232477,72.70001
1400138624000,52.84261,9.232477,72.70001
1400138625000,52.84261,9.232477,72.70001
1400138626000,52.84261,9.232477,72.70001
1400138627000,52.84261,9.232477,72.70001
1400138628000,52.84261,9.232477,72.70001
1400138629000,52.84261,9.232477,72.70001
1400138630000,52.84261,9.232477,72.70001
1400138631000,52.84261,9.232477,72.70001
1400138632000,52.84261,9.232477,72.70001
1400138633000,52.84261,9.232477,72.70001
1400138634000,52.84261,9.232477,72.70001
1400138635000,52.84261,9.232477,72.70001
1400138636000,52.84261,9.232477,72.70001
1400138637000,52.84261,9.232477,72.70001
1400138638000,52.84261,9.232477,72.70001
1400138639000,52.84261,9.232477,72.70001
1400138640000,52.84261,9.232477,72.70001
1400138641000,52.84261,9.232477,72.70001
1400138642000,52.84261,9.232477,72.70001
1400138643000,52.84261,9.232477,72.70001
1400138644000,52.84261,9.232477,72.70001
1400138645000,52.84261,9.232477,72.70001
1400138646000,52.84261,9.232477,72.70001
1400138647000,52.84261,9.232477,72.70001
1400138648000,52.84261,9.232477,72.70001
1400138649000,52.84261,9.232477,72.70001
1400138650000,52.84261,9.232477,72.70001
1400138651000,52.84261,9.232477,72.70001
1400138652000,52.84261,9.232477,72.70001
1400138653000,52.84261,9.232477,72.70001
1400138654000,52.84261,9.232477,72.70001
1400138655000,52.84261,9.232477,72.70001
1400138657000,52.84261,9.232477,72.70001
1400138658000,52.84261,9.232477,72.70001
1400138659000,52.84261,9.232477,72.70001
1400138660000,52.84261,9.232477,72.70001
1400138661000,52.84261,9.232477,72.70001
1400138662000,52.84261,9.232477,72.70001
1400138663000,52.84261,9.232477,72.70001
1400138664000,52.84261,9.232477,72.70001
1400138665000,52.84261,9.232477,72.70001
1400138666000,52.84261,9.232477,72.70001
1400138667000,52.84261,9.232477,72.70001
1400138668000,52.84261,9.232477,72.70001
1400138669000,52.84261,9.232477,72.70001
1400138670000,52.84261,9.232477,72.70001
1400138671000,52.84261,9.232477,72.70001
1400138672000,52.84261,9.232477,72.70001
1400138673000,52.8426,9.232442,73.599976
1400138674000,52.842598,9.232442,73.5
1400138675000,52.842598,9.232441,73.400024
1400138676000,52.842598,9.23244,72.900024
1400138677000,52.842598,9.23244,72.900024
1400138678000,52.842598,9.23244,72.900024
1400138679000,52.842598,9.23244,72.900024
1400138680000,52.842598,9.23244,72.900024
1400138681000,52.842598,9.23244,72.900024
1400138682000,52.842598,9.23244,72.900024
1400138683000,52.842598,9.23244,72.900024
1400138684000,52.84259,9.232399,71.5
1400138685000,52.842587,9.23239,71.29999
1400138686000,52.842587,9.232387,71.0
1400138687000,52.842587,9.232386,70.70001
1400138688000,52.842583,9.232389,70.20001
1400138689000,52.842583,9.232389,70.20001
1400138690000,52.842583,9.232389,70.20001
1400138691000,52.842583,9.232389,70.20001
1400138692000,52.842583,9.232389,70.20001
1400138693000,52.842583,9.232389,70.20001
1400138694000,52.842583,9.232389,70.20001
1400138695000,52.842583,9.232389,70.20001
1400138696000,52.842583,9.232389,70.20001
1400138697000,52.842583,9.232389,70.20001
1400138698000,52.842583,9.232389,70.20001
1400138699000,52.842583,9.232389,70.20001
1400138700000,52.842583,9.232389,70.20001
1400138701000,52.842587,9.232391,67.900024
1400138702000,52.842587,9.232396,67.900024
1400138703000,52.84259,9.232397,67.900024
1400138704000,52.84259,9.232399,68.0
1400138705000,52.84259,9.232399,68.0
1400138706000,52.84259,9.232399,68.0
1400138707000,52.84259,9.232399,68.0
1400138708000,52.84259,9.232399,68.0
1400138709000,52.8426,9.23243,67.599976
1400138710000,52.842606,9.23244,67.5
1400138711000,52.84261,9.232446,67.599976
1400138712000,52.84261,9.232447,67.599976
1400138713000,52.84261,9.232447,67.599976
1400138714000,52.84261,9.232447,67.599976
1400138715000,52.84261,9.232447,67.599976
1400138716000,52.84261,9.232447,67.599976
1400138717000,52.84261,9.232447,67.599976
1400138718000,52.84261,9.232447,67.599976
1400138719000,52.84261,9.232452,66.900024
1400138720000,52.84261,9.232453,66.79999
1400138721000,52.84261,9.232454,66.79999
1400138722000,52.842606,9.232455,66.900024
1400138723000,52.842606,9.232452,67.0
1400138724000,52.842606,9.232443,67.099976
1400138725000,52.842606,9.232432,67.099976
1400138726000,52.842606,9.2324295,67.0
1400138727000,52.842606,9.232427,66.900024
1400138728000,52.842606,9.232423,66.900024
1400138729000,52.842606,9.232423,66.900024
1400138730000,52.842606,9.232423,66.900024
1400138731000,52.842606,9.232423,66.900024
1400138732000,52.842606,9.232423,66.900024
1400138733000,52.842606,9.232423,66.900024
1400138734000,52.842606,9.232423,66.900024
1400138735000,52.842606,9.232423,66.900024
1400138736000,52.842606,9.232423,66.900024
1400138737000,52.842606,9.232423,66.900024
1400138738000,52.842606,9.232423,66.900024
1400138739000,52.842606,9.232423,66.900024
1400138740000,52.842606,9.232423,66.900024
1400138741000,52.842606,9.232423,66.900024
1400138742000,52.842606,9.232423,66.900024
1400138743000,52.842606,9.232423,66.900024
1400138744000,52.84261,9.23244,66.79999
1400138745000,52.84261,9.232448,66.70001
1400138746000,52.842617,9.232453,66.599976
1400138747000,52.84262,9.232457,66.70001
1400138748000,52.84263,9.232461,66.599976
1400138749000,52.842632,9.232467,66.599976
1400138750000,52.842632,9.232472,66.5
1400138751000,52.842636,9.232476,66.5
1400138752000,52.84264,9.232482,66.400024
1400138753000,52.84264,9.232487,66.29999
1400138754000,52.84264,9.23248,66.29999
1400138755000,52.84264,9.232478,66.20001
1400138757000,52.84264,9.232476,66.099976
1400138758000,52.84264,9.232476,66.099976
1400138759000,52.842663,9.232473,65.5
1400138760000,52.84267,9.232473,65.20001
1400138761000,52.842674,9.232474,65.0
1400138762000,52.842674,9.232478,65.099976
1400138763000,52.84268,9.232481,65.0
1400138764000,52.84268,9.232481,65.0
1400138765000,52.84268,9.232481,65.0
1400138766000,52.84268,9.232481,65.0
1400138767000,52.84268,9.232481,65.0
1400138768000,52.84268,9.232481,65.0
1400138769000,52.84268,9.232481,65.0
1400138770000,52.84268,9.232481,65.0
1400138771000,52.84268,9.232481,65.0
1400138772000,52.84268,9.232481,65.0
1400138773000,52.84268,9.232481,65.0
1400138774000,52.84268,9.232481,65.0
1400138775000,52.84268,9.232481,65.0
1400138776000,52.84268,9.232481,65.0
1400138777000,52.84268,9.232481,65.0
1400138778000,52.84268,9.232481,65.0
1400138779000,52.84268,9.232481,65.0
1400138780000,52.84268,9.232481,65.0
1400138781000,52.84268,9.232481,65.0
1400138782000,52.84268,9.232481,65.0
1400138783000,52.84268,9.232481,65.0
1400138784000,52.84268,9.232481,65.0
1400138785000,52.84268,9.232481,65.0
1400138786000,52.84268,9.232481,65.0
1400138787000,52.84268,9.232481,65.0
1400138788000,52.84268,9.232481,65.0
1400138789000,52.84268,9.232481,65.0
1400138790000,52.84268,9.232481,65.0
1400138791000,52.84268,9.232481,65.0
1400138792000,52.84268,9.232481,65.0
1400138793000,52.84268,9.232481,65.0
1400138794000,52.84268,9.232481,65.0
1400138795000,52.84268,9.232481,65.0
1400138796000,52.84268,9.232481,65.0
1400138797000,52.84268,9.232481,65.0
1400138798000,52.84268,9.232481,65.0
1400138799000,52.84268,9.232481,65.0
1400138800000,52.84268,9.232481,65.0
1400138801000,52.84268,9.232481,65.0
1400138802000,52.84268,9.232481,65.0
1400138803000,52.84268,9.232481,65.0
1400138804000,52.84268,9.232481,65.0
1400138805000,52.84268,9.232481,65.0
1400138806000,52.84268,9.232481,65.0
1400138807000,52.84268,9.232481,65.0
1400138808000,52.84268,9.232481,65.0
1400138809000,52.84268,9.232481,65.0
1400138810000,52.84268,9.232481,65.0
1400138811000,52.84268,9.232481,65.0
1400138812000,52.84268,9.232481,65.0
1400138813000,52.84268,9.232481,65.0
1400138814000,52.84268,9.232481,65.0
1400138815000,52.84268,9.232481,65.0
1400138816000,52.84268,9.232481,65.0
1400138817000,52.84268,9.232481,65.0
1400138818000,52.84268,9.232481,65.0
1400138819000,52.84268,9.232481,65.0
1400138820000,52.84268,9.232481,65.0
1400138821000,52.84268,9.232481,65.0
1400138822000,52.84268,9.232481,65.0
1400138823000,52.84268,9.232481,65.0
1400138824000,52.84268,9.232481,65.0
1400138825000,52.84268,9.232481,65.0
1400138826000,52.84268,9.232481,65.0
1400138827000,52.84268,9.232481,65.0
1400138828000,52.84268,9.232481,65.0
1400138829000,52.84268,9.232481,65.0
1400138830000,52.84268,9.232481,65.0
1400138831000,52.84268,9.232481,65.0
1400138832000,52.84268,9.232481,65.0
1400138833000,52.84268,9.232481,65.0
1400138834000,52.84268,9.232481,65.0
1400138835000,52.84268,9.232481,65.0
1400138836000,52.84268,9.232481,65.0
1400138837000,52.84268,9.232481,65.0
1400138838000,52.84268,9.232481,65.0
1400138839000,52.84268,9.232481,65.0
1400138840000,52.84268,9.232481,65.0
1400138841000,52.84268,9.232481,65.0
1400138842000,52.84268,9.232481,65.0
1400138843000,52.84268,9.232481,65.0
1400138844000,52.84268,9.232481,65.0
1400138845000,52.84268,9.232481,65.0
1400138846000,52.84268,9.232481,65.0
1400138847000,52.84268,9.232481,65.0
1400138848000,52.84268,9.232481,65.0
1400138849000,52.84268,9.232481,65.0
1400138850000,52.84268,9.232481,65.0
1400138851000,52.84268,9.232481,65.0
1400138852000,52.84264,9.232462,66.599976
1400138853000,52.84264,9.232462,66.599976
1400138854000,52.842644,9.232462,66.70001
1400138855000,52.842644,9.232461,66.79999
1400138857000,52.842644,9.232461,66.79999
1400138858000,52.842644,9.232461,66.79999
1400138859000,52.842644,9.232461,66.79999
1400138860000,52.842644,9.232461,66.79999
1400138861000,52.842644,9.232461,66.79999
1400138862000,52.842644,9.232461,66.79999
1400138863000,52.842644,9.232461,66.79999
1400138864000,52.842644,9.232461,66.79999
1400138865000,52.842632,9.232468,67.20001
1400138866000,52.842632,9.232464,67.099976
1400138867000,52.84263,9.232459,67.099976
1400138868000,52.842625,9.232457,67.20001
1400138869000,52.84262,9.232455,67.20001
1400138870000,52.84262,9.232452,67.29999
1400138871000,52.84262,9.232452,67.29999
1400138872000,52.84262,9.232452,67.29999
1400138873000,52.84262,9.232452,67.29999
1400138874000,52.84262,9.232452,67.29999
1400138875000,52.84262,9.232452,67.29999
1400138876000,52.84262,9.232452,67.29999
1400138877000,52.84262,9.232452,67.29999
1400138878000,52.84262,9.232452,67.29999
1400138879000,52.84262,9.232452,67.29999
1400138880000,52.84262,9.232452,67.29999
1400138881000,52.84262,9.232452,67.29999
1400138882000,52.84262,9.232452,67.29999
1400138883000,52.84262,9.232452,67.29999
1400138884000,52.84262,9.232452,67.29999
1400138885000,52.84262,9.232452,67.29999
1400138886000,52.84262,9.232452,67.29999
1400138887000,52.84262,9.232452,67.29999
1400138888000,52.84262,9.232452,67.29999
1400138889000,52.84262,9.232452,67.29999
1400138890000,52.84262,9.232452,67.29999
1400138891000,52.84262,9.232452,67.29999
1400138892000,52.84262,9.232452,67.29999
1400138893000,52.84262,9.232452,67.29999
1400138894000,52.84262,9.232452,67.29999
1400138895000,52.84262,9.232452,67.29999
1400138896000,52.84262,9.232452,67.29999
1400138897000,52.84262,9.232452,67.29999
1400138898000,52.84262,9.232452,67.29999
1400138899000,52.84262,9.232452,67.29999
1400138900000,52.84262,9.232452,67.29999
1400138901000,52.84262,9.232452,67.29999
1400138902000,52.84262,9.232452,67.29999
1400138903000,52.84262,9.232452,67.29999
1400138904000,52.84262,9.232452,67.29999
1400138905000,52.84262,9.232452,67.29999
1400138906000,52.84262,9.232452,67.29999
1400138907000,52.84262,9.232452,67.29999
1400138908000,52.84262,9.232452,67.29999
1400138909000,52.84262,9.232452,67.29999
1400138910000,52.84262,9.232452,67.29999
1400138911000,52.84262,9.232452,67.29999
1400138912000,52.84262,9.232452,67.29999
1400138913000,52.84262,9.232452,67.29999
1400138914000,52.84262,9.232452,67.29999
1400138915000,52.84262,9.232452,67.29999
1400138916000,52.84262,9.232452,67.29999
1400138917000,52.84262,9.232452,67.29999
1400138918000,52.84262,9.232452,67.29999
1400138919000,52.84262,9.232452,67.29999
1400138919000,52.84262,9.232452,67.29999
1400138920000,52.84262,9.232452,67.29999
1400138921000,52.84262,9.232452,67.29999
1400138922000,52.84262,9.232452,67.29999
1400138923000,52.84262,9.232452,67.29999
1400138924000,52.84262,9.232452,67.29999
1400138925000,52.84262,9.232452,67.29999
1400138926000,52.84262,9.232452,67.29999
1400138927000,52.84262,9.232452,67.29999
1400138928000,52.84262,9.232452,67.29999
1400138929000,52.84262,9.232452,67.29999
1400138930000,52.84262,9.232452,67.29999
1400138931000,52.84262,9.232452,67.29999
1400138932000,52.84262,9.232452,67.29999
1400138933000,52.84262,9.232452,67.29999
1400138934000,52.84262,9.232452,67.29999
1400138935000,52.84262,9.232452,67.29999
1400138936000,52.84262,9.232452,67.29999
1400138937000,52.84262,9.232452,67.29999
1400138938000,52.84262,9.232452,67.29999
1400138939000,52.84262,9.232452,67.29999
1400138940000,52.84262,9.232452,67.29999
1400138941000,52.84262,9.232452,67.29999
1400138942000,52.84262,9.232452,67.29999
1400138943000,52.84262,9.232452,67.29999
1400138944000,52.842617,9.232501,65.0
1400138945000,52.842617,9.232501,65.0
1400138946000,52.842613,9.232498,65.20001
1400138947000,52.842613,9.232496,65.20001
1400138948000,52.842613,9.232496,65.20001
1400138949000,52.842613,9.232496,65.20001
1400138950000,52.842613,9.232496,65.20001
1400138951000,52.842613,9.232496,65.20001
1400138952000,52.842613,9.232483,65.29999
1400138953000,52.842613,9.232482,65.5
1400138954000,52.842613,9.232483,65.400024
1400138956000,52.842613,9.232482,65.599976
1400138957000,52.842613,9.232482,65.599976
1400138958000,52.842613,9.232482,65.599976
1400138959000,52.842613,9.232482,65.599976
1400138960000,52.842613,9.232482,65.599976
1400138961000,52.842613,9.232496,65.20001
1400138962000,52.842613,9.232497,65.20001
1400138963000,52.842613,9.232496,65.20001
1400138964000,52.842617,9.232493,65.400024
1400138965000,52.842617,9.232493,65.400024
1400138966000,52.842617,9.232493,65.400024
1400138967000,52.842617,9.232493,65.400024
1400138968000,52.842617,9.232493,65.400024
1400138969000,52.842617,9.232493,65.400024
1400138970000,52.842617,9.232493,65.400024
1400138971000,52.842617,9.232493,65.400024
1400138972000,52.842617,9.232493,65.400024
1400138973000,52.842617,9.232493,65.400024
1400138974000,52.842617,9.232493,65.400024
1400138975000,52.842617,9.232493,65.400024
1400138976000,52.842617,9.232493,65.400024
1400138977000,52.842617,9.232493,65.400024
1400138978000,52.842617,9.232493,65.400024
1400138979000,52.842617,9.232493,65.400024
1400138980000,52.842617,9.232493,65.400024
1400138981000,52.842617,9.232493,65.400024
1400138982000,52.842617,9.232493,65.400024
1400138983000,52.842617,9.232493,65.400024
1400138984000,52.842617,9.232493,65.400024
1400138985000,52.842617,9.232493,65.400024
1400138986000,52.84264,9.232516,65.79999
1400138987000,52.842644,9.23252,65.79999
1400138988000,52.84264,9.232522,65.70001
1400138989000,52.84264,9.232522,65.70001
1400138990000,52.84264,9.232522,65.70001
1400138991000,52.84264,9.232522,65.70001
1400138992000,52.84264,9.232522,65.70001
1400138993000,52.84264,9.232522,65.70001
1400138994000,52.84264,9.232522,65.70001
1400138995000,52.84264,9.232522,65.70001
1400138996000,52.84264,9.232522,65.70001
1400138997000,52.84264,9.232522,65.70001
1400138998000,52.84264,9.232522,65.70001
1400138999000,52.84264,9.232522,65.70001
1400139000000,52.84264,9.232522,65.70001
1400139001000,52.84264,9.232522,65.70001
1400139002000,52.84264,9.232522,65.70001
1400139003000,52.84264,9.232522,65.70001
1400139004000,52.84264,9.232522,65.70001
1400139005000,52.84264,9.232522,65.70001
1400139006000,52.84264,9.232522,65.70001
1400139007000,52.84264,9.232522,65.70001
1400139008000,52.84264,9.232522,65.70001
1400139009000,52.84264,9.232522,65.70001
1400139010000,52.84264,9.232522,65.70001
1400139011000,52.84264,9.232522,65.70001
1400139012000,52.84264,9.232522,65.70001
1400139013000,52.84264,9.232522,65.70001
1400139014000,52.84264,9.232522,65.70001
1400139015000,52.84264,9.232522,65.70001
1400139016000,52.84264,9.232522,65.70001
1400139017000,52.84264,9.232522,65.70001
1400139018000,52.84264,9.232522,65.70001
1400139019000,52.84264,9.232522,65.70001
1400139020000,52.84264,9.232522,65.70001
1400139021000,52.84264,9.232522,65.70001
1400139022000,52.84264,9.232522,65.70001
1400139023000,52.84264,9.232522,65.70001
1400139024000,52.84264,9.232522,65.70001
1400139025000,52.84264,9.232522,65.70001
1400139026000,52.84264,9.232522,65.70001
1400139027000,52.84264,9.232522,65.70001
1400139028000,52.84264,9.232522,65.70001
1400139029000,52.84264,9.232522,65.70001
1400139030000,52.84264,9.232522,65.70001
1400139031000,52.84264,9.232522,65.70001
1400139032000,52.84264,9.232522,65.70001
1400139033000,52.84264,9.232522,65.70001
1400139034000,52.84264,9.232522,65.70001
1400139035000,52.84264,9.232522,65.70001
1400139036000,52.84264,9.232522,65.70001
1400139037000,52.84264,9.232522,65.70001
1400139038000,52.84264,9.232522,65.70001
1400139039000,52.84264,9.232522,65.70001
1400139040000,52.84264,9.232522,65.70001
1400139041000,52.84264,9.232522,65.70001
1400139042000,52.84264,9.232522,65.70001
1400139043000,52.84264,9.232522,65.70001
1400139044000,52.84264,9.232522,65.70001
1400139045000,52.84264,9.232522,65.70001
1400139046000,52.84264,9.232522,65.70001
1400139047000,52.84264,9.232522,65.70001
1400139048000,52.84264,9.232522,65.70001
1400139049000,52.84264,9.232522,65.70001
1400139050000,52.84264,9.232522,65.70001
1400139051000,52.84264,9.232522,65.70001
1400139052000,52.84264,9.232522,65.70001
1400139053000,52.84264,9.232522,65.70001
1400139054000,52.84264,9.232522,65.70001
1400139056000,52.84264,9.232522,65.70001
1400139057000,52.84264,9.232522,65.70001
1400139058000,52.842678,9.232476,64.79999
1400139059000,52.842678,9.232485,64.79999
1400139060000,52.84268,9.23249,64.70001
1400139061000,52.84268,9.232492,64.70001
1400139062000,52.84268,9.232495,64.70001
1400139063000,52.84268,9.232495,64.599976
1400139064000,52.84268,9.232495,64.599976
1400139065000,52.84268,9.232495,64.599976
1400139066000,52.84268,9.232495,64.599976
1400139067000,52.84268,9.232495,64.599976
1400139068000,52.84268,9.232495,64.599976
1400139069000,52.84268,9.232495,64.599976
1400139070000,52.84268,9.232495,64.599976
1400139071000,52.84268,9.232495,64.599976
1400139072000,52.84268,9.232495,64.599976
1400139073000,52.842674,9.232475,64.5
1400139074000,52.84267,9.232475,64.5
1400139075000,52.84267,9.232471,64.5
1400139076000,52.84267,9.232472,64.5
1400139077000,52.84267,9.232472,64.5
1400139078000,52.84267,9.232472,64.5
1400139079000,52.84267,9.232472,64.5
1400139080000,52.84267,9.232472,64.5
1400139081000,52.84267,9.232472,64.5
1400139082000,52.84267,9.232472,64.5
1400139083000,52.84267,9.232472,64.5
1400139084000,52.84267,9.232472,64.5
1400139085000,52.84267,9.232472,64.5
1400139086000,52.84267,9.232472,64.5
1400139087000,52.84267,9.232472,64.5
1400139088000,52.84267,9.232472,64.5
1400139089000,52.84267,9.232472,64.5
1400139090000,52.84267,9.232472,64.5
1400139091000,52.84267,9.232472,64.5
1400139092000,52.842648,9.232487,64.900024
1400139093000,52.84265,9.232491,64.900024
1400139094000,52.842655,9.232491,65.0
1400139095000,52.84266,9.232492,65.0
1400139096000,52.84266,9.232498,65.0
1400139097000,52.842663,9.232506,64.900024
1400139098000,52.842667,9.23251,65.0
1400139099000,52.842667,9.232509,65.0
1400139100000,52.842667,9.23251,65.0
1400139101000,52.842667,9.23251,65.0
1400139102000,52.842667,9.23251,65.0
1400139103000,52.842667,9.23251,65.0
1400139104000,52.842667,9.23251,65.0
1400139105000,52.842667,9.23251,65.0
1400139106000,52.842667,9.23251,65.0
1400139107000,52.842667,9.23251,65.0
1400139108000,52.842667,9.23251,65.0
1400139109000,52.842667,9.23251,65.0
1400139110000,52.842667,9.23251,65.0
1400139111000,52.842667,9.23251,65.0
1400139112000,52.842667,9.23251,65.0
1400139113000,52.842667,9.23251,65.0
1400139114000,52.842667,9.23251,65.0
1400139115000,52.842667,9.23251,65.0
1400139116000,52.842667,9.23251,65.0
1400139117000,52.842667,9.23251,65.0
1400139118000,52.842667,9.23251,65.0
1400139119000,52.842667,9.23251,65.0
1400139120000,52.842667,9.23251,65.0
1400139121000,52.842667,9.23251,65.0
1400139122000,52.842667,9.23251,65.0
1400139123000,52.842667,9.23251,65.0
1400139124000,52.842667,9.23251,65.0
1400139125000,52.842667,9.23251,65.0
1400139126000,52.842667,9.23251,65.0
1400139127000,52.842667,9.23251,65.0
1400139128000,52.842667,9.23251,65.0
1400139129000,52.842667,9.23251,65.0
1400139130000,52.842667,9.23251,65.0
1400139131000,52.842667,9.23251,65.0
1400139132000,52.842667,9.23251,65.0
1400139133000,52.842667,9.23251,65.0
1400139134000,52.842667,9.23251,65.0
1400139135000,52.842667,9.23251,65.0
1400139136000,52.842667,9.23251,65.0
1400139137000,52.842667,9.23251,65.0
1400139138000,52.842667,9.23251,65.0
1400139139000,52.842667,9.23251,65.0
1400139140000,52.842667,9.23251,65.0
1400139141000,52.842667,9.23251,65.0
1400139142000,52.842667,9.23251,65.0
1400139143000,52.842667,9.23251,65.0
1400139144000,52.842667,9.23251,65.0
1400139145000,52.842667,9.23251,65.0
1400139146000,52.842667,9.23251,65.0
1400139147000,52.842667,9.23251,65.0
1400139148000,52.842667,9.23251,65.0
1400139149000,52.842667,9.23251,65.0
1400139150000,52.842667,9.23251,65.0
1400139151000,52.842667,9.23251,65.0
1400139152000,52.842667,9.23251,65.0
1400139153000,52.842667,9.23251,65.0
1400139154000,52.842667,9.23251,65.0
1400139156000,52.842667,9.23251,65.0
1400139157000,52.842667,9.23251,65.0
1400139158000,52.842667,9.23251,65.0
1400139159000,52.842667,9.23251,65.0
1400139160000,52.842667,9.23251,65.0
1400139161000,52.842667,9.23251,65.0
1400139162000,52.842667,9.23251,65.0
1400139163000,52.842667,9.23251,65.0
1400139164000,52.842667,9.23251,65.0
1400139165000,52.842667,9.23251,65.0
1400139166000,52.842667,9.23251,65.0
1400139167000,52.842667,9.23251,65.0
1400139168000,52.842667,9.23251,65.0
1400139169000,52.842667,9.23251,65.0
1400139170000,52.842667,9.23251,65.0
1400139171000,52.842667,9.23251,65.0
1400139172000,52.842667,9.23251,65.0
1400139173000,52.842667,9.23251,65.0
1400139174000,52.842667,9.23251,65.0
1400139175000,52.842667,9.23251,65.0
1400139176000,52.842667,9.23251,65.0
1400139177000,52.842667,9.23251,65.0
1400139178000,52.842667,9.23251,65.0
1400139179000,52.842667,9.23251,65.0
1400139180000,52.842667,9.23251,65.0
1400139181000,52.842667,9.23251,65.0
1400139182000,52.842667,9.23251,65.0
1400139183000,52.842667,9.23251,65.0
1400139184000,52.842667,9.23251,65.0
1400139185000,52.842667,9.23251,65.0
1400139186000,52.842667,9.23251,65.0
1400139187000,52.842667,9.23251,65.0
1400139188000,52.842667,9.23251,65.0
1400139189000,52.842667,9.23251,65.0
1400139190000,52.842667,9.23251,65.0
1400139191000,52.842667,9.23251,65.0
1400139192000,52.842667,9.23251,65.0
1400139193000,52.842667,9.23251,65.0
1400139194000,52.842667,9.23251,65.0
1400139195000,52.842667,9.23251,65.0
1400139196000,52.842667,9.23251,65.0
1400139197000,52.842667,9.23251,65.0
1400139198000,52.842667,9.23251,65.0
1400139199000,52.842667,9.23251,65.0
1400139200000,52.842667,9.23251,65.0
1400139201000,52.842667,9.23251,65.0
1400139202000,52.842667,9.23251,65.0
1400139203000,52.842667,9.23251,65.0
1400139204000,52.842667,9.23251,65.0
1400139205000,52.842667,9.23251,65.0
1400139206000,52.842667,9.23251,65.0
1400139207000,52.842667,9.23251,65.0
1400139208000,52.842667,9.23251,65.0
1400139209000,52.842667,9.23251,65.0
1400139210000,52.842667,9.23251,65.0
1400139211000,52.842667,9.23251,65.0
1400139212000,52.842667,9.23251,65.0
1400139213000,52.842667,9.23251,65.0
1400139214000,52.842667,9.23251,65.0
1400139215000,52.842667,9.23251,65.0
1400139216000,52.842667,9.23251,65.0
1400139217000,52.842667,9.23251,65.0
1400139218000,52.842667,9.23251,65.0
1400139219000,52.842667,9.23251,65.0
1400139220000,52.842667,9.23251,65.0
1400139221000,52.842667,9.23251,65.0
1400139222000,52.842667,9.23251,65.0
1400139223000,52.842667,9.232484,65.0
1400139224000,52.84267,9.232485,65.099976
1400139225000,52.842674,9.232488,65.29999
1400139226000,52.842678,9.2324915,65.400024
1400139227000,52.84268,9.232497,65.5
1400139228000,52.842686,9.232497,65.5
1400139229000,52.84268,9.232492,65.599976
1400139230000,52.84268,9.232491,65.70001
1400139231000,52.84268,9.232491,65.70001
1400139232000,52.84268,9.232491,65.70001
1400139233000,52.84268,9.232491,65.70001
1400139234000,52.84268,9.232491,65.70001
1400139235000,52.84268,9.232491,65.70001
1400139236000,52.84268,9.232491,65.70001
1400139237000,52.84268,9.232491,65.70001
1400139238000,52.84268,9.232491,65.70001
1400139239000,52.84267,9.232481,66.0
1400139240000,52.84267,9.232483,66.099976
1400139241000,52.842667,9.232484,66.099976
1400139242000,52.842667,9.232481,66.20001
1400139243000,52.842663,9.232481,66.20001
1400139244000,52.842663,9.232481,66.20001
1400139245000,52.842663,9.232481,66.20001
1400139246000,52.842663,9.232481,66.20001
1400139247000,52.842663,9.232481,66.20001
1400139248000,52.842663,9.232481,66.20001
1400139249000,52.842663,9.232481,66.20001
1400139250000,52.842663,9.232481,66.20001
1400139251000,52.842663,9.232481,66.20001
1400139252000,52.842663,9.232481,66.20001
1400139253000,52.842663,9.232481,66.20001
1400139254000,52.842663,9.232481,66.20001
1400139256000,52.842663,9.232481,66.20001
1400139257000,52.842663,9.232481,66.20001
1400139258000,52.842663,9.232481,66.20001
1400139259000,52.842663,9.232481,66.20001
1400139260000,52.842663,9.232481,66.20001
1400139261000,52.842663,9.232481,66.20001
1400139262000,52.842663,9.232481,66.20001
1400139263000,52.842663,9.232481,66.20001
1400139264000,52.842663,9.232481,66.20001
1400139265000,52.842663,9.232481,66.20001
1400139266000,52.842663,9.232481,66.20001
1400139267000,52.842663,9.232481,66.20001
1400139268000,52.842663,9.232481,66.20001
1400139269000,52.842663,9.232481,66.20001
1400139270000,52.842663,9.232481,66.20001
1400139271000,52.842663,9.232481,66.20001
1400139272000,52.842663,9.232481,66.20001
1400139273000,52.842663,9.232481,66.20001
1400139274000,52.842663,9.232481,66.20001
1400139275000,52.842663,9.232481,66.20001
1400139276000,52.842663,9.232481,66.20001
1400139277000,52.842663,9.232481,66.20001
1400139278000,52.842663,9.232481,66.20001
1400139279000,52.842663,9.232481,66.20001
1400139280000,52.842663,9.232481,66.20001
1400139281000,52.842663,9.232481,66.20001
1400139282000,52.842663,9.232481,66.20001
1400139283000,52.842663,9.232481,66.20001
1400139284000,52.842663,9.232481,66.20001
1400139285000,52.842663,9.232481,66.20001
1400139286000,52.842663,9.232481,66.20001
1400139287000,52.842663,9.232481,66.20001
1400139288000,52.842663,9.232481,66.20001
1400139289000,52.842663,9.232481,66.20001
1400139290000,52.842663,9.232481,66.20001
1400139291000,52.842663,9.232481,66.20001
1400139292000,52.842663,9.232481,66.20001
1400139293000,52.842663,9.232481,66.20001
1400139294000,52.842663,9.232481,66.20001
1400139295000,52.842663,9.232481,66.20001
1400139296000,52.842663,9.232481,66.20001
1400139297000,52.842663,9.232481,66.20001
1400139298000,52.842663,9.232481,66.20001
1400139299000,52.842663,9.232481,66.20001
1400139300000,52.842663,9.232481,66.20001
1400139301000,52.842663,9.232481,66.20001
1400139302000,52.842663,9.232481,66.20001
1400139303000,52.842663,9.232481,66.20001
1400139304000,52.842663,9.232481,66.20001
1400139305000,52.842663,9.232481,66.20001
1400139306000,52.842663,9.232481,66.20001
1400139307000,52.842663,9.232481,66.20001
1400139308000,52.842663,9.232481,66.20001
1400139309000,52.842663,9.232481,66.20001
1400139310000,52.842663,9.232481,66.20001
1400139311000,52.842663,9.232481,66.20001
1400139312000,52.842663,9.232481,66.20001
1400139313000,52.842663,9.232481,66.20001
1400139314000,52.842663,9.232481,66.20001
1400139315000,52.842663,9.232481,66.20001
1400139316000,52.842663,9.232481,66.20001
1400139317000,52.842663,9.232481,66.20001
1400139318000,52.842663,9.232481,66.20001
1400139319000,52.842663,9.232481,66.20001
1400139320000,52.842663,9.232481,66.20001
1400139321000,52.842663,9.232481,66.20001
1400139322000,52.842663,9.232481,66.20001
1400139323000,52.842663,9.232481,66.20001
1400139324000,52.842663,9.232481,66.20001
1400139325000,52.842663,9.232481,66.20001
1400139326000,52.842663,9.232481,66.20001
1400139327000,52.842663,9.232481,66.20001
1400139328000,52.842663,9.232481,66.20001
1400139329000,52.842663,9.232481,66.20001
1400139330000,52.842663,9.232481,66.20001
1400139331000,52.842663,9.232481,66.20001
1400139332000,52.842663,9.232481,66.20001
1400139333000,52.842663,9.232481,66.20001
1400139334000,52.842663,9.232481,66.20001
1400139335000,52.842663,9.232481,66.20001
1400139336000,52.842663,9.232481,66.20001
1400139337000,52.842663,9.232481,66.20001
1400139338000,52.842663,9.232481,66.20001
1400139339000,52.842663,9.232481,66.20001
1400139340000,52.842663,9.232481,66.20001
1400139341000,52.842663,9.232481,66.20001
1400139342000,52.842663,9.232481,66.20001
1400139343000,52.842663,9.232481,66.20001
1400139344000,52.842663,9.232481,66.20001
1400139345000,52.842663,9.232481,66.20001
1400139346000,52.842663,9.232481,66.20001
1400139347000,52.842663,9.232481,66.20001
1400139348000,52.842663,9.232481,66.20001
1400139349000,52.842663,9.232481,66.20001
1400139350000,52.842663,9.232481,66.20001
1400139351000,52.842663,9.232481,66.20001
1400139352000,52.842663,9.232481,66.20001
1400139353000,52.842663,9.232481,66.20001
1400139354000,52.842663,9.232481,66.20001
1400139356000,52.842663,9.232481,66.20001
1400139357000,52.842636,9.232469,70.400024
1400139358000,52.842632,9.232468,70.400024
1400139359000,52.842632,9.232466,70.400024
1400139360000,52.84263,9.232467,70.400024
1400139361000,52.842625,9.232469,70.400024
1400139362000,52.84262,9.232467,70.5
1400139363000,52.842617,9.232464,70.5
1400139364000,52.842617,9.232468,70.599976
1400139365000,52.842617,9.232468,70.599976
1400139366000,52.842617,9.232468,70.599976
1400139367000,52.842617,9.232468,70.599976
1400139368000,52.84261,9.232475,70.70001
1400139369000,52.84261,9.232482,70.70001
1400139370000,52.84261,9.232484,70.70001
1400139371000,52.842613,9.232483,70.70001
1400139372000,52.842613,9.232483,70.70001
1400139373000,52.842613,9.232483,70.70001
1400139374000,52.842613,9.232483,70.70001
1400139375000,52.842613,9.232483,70.70001
1400139376000,52.842613,9.232483,70.70001
1400139377000,52.842613,9.232483,70.70001
1400139378000,52.842617,9.2325115,70.400024
1400139379000,52.842617,9.232514,70.29999
1400139380000,52.842613,9.232514,70.20001
1400139381000,52.84261,9.232513,70.099976
1400139382000,52.84261,9.232513,70.0
1400139383000,52.842606,9.232516,69.900024
1400139384000,52.842606,9.232518,69.900024
1400139385000,52.842606,9.232525,69.900024
1400139386000,52.84261,9.232531,69.900024
1400139387000,52.842606,9.232535,69.900024
1400139388000,52.8426,9.232544,69.79999
1400139389000,52.842598,9.232556,69.79999
1400139390000,52.842598,9.232569,69.70001
1400139391000,52.842598,9.232578,69.599976
1400139392000,52.8426,9.232579,69.599976
1400139393000,52.842606,9.232573,69.5
1400139394000,52.842613,9.232558,69.599976
1400139395000,52.842613,9.23255,69.5
1400139396000,52.842617,9.232537,69.5
1400139397000,52.842625,9.232523,69.400024
1400139398000,52.842632,9.2325115,69.400024
1400139399000,52.842636,9.232504,69.400024
1400139400000,52.84262,9.232511,69.5
1400139401000,52.84261,9.232518,69.5
1400139402000,52.8426,9.232522,69.5
1400139403000,52.842594,9.232527,69.5
1400139404000,52.842583,9.232531,69.599976
1400139405000,52.84258,9.232533,69.599976
1400139406000,52.84258,9.232534,69.599976
1400139407000,52.842583,9.232528,69.599976
1400139408000,52.842594,9.232522,69.599976
1400139409000,52.842598,9.232528,69.70001
1400139410000,52.842594,9.232531,69.70001
1400139411000,52.842598,9.232536,69.70001
1400139412000,52.842594,9.232536,69.70001
1400139413000,52.842594,9.2325325,69.599976
1400139414000,52.842598,9.232532,69.5
1400139415000,52.842606,9.232539,69.400024
1400139416000,52.842606,9.232548,69.400024
1400139417000,52.842606,9.23255,69.29999
1400139418000,52.842606,9.232545,69.29999
1400139419000,52.84261,9.232544,69.20001
1400139420000,52.84261,9.232544,69.20001
1400139421000,52.84261,9.232544,69.20001
1400139422000,52.84261,9.232544,69.20001
1400139423000,52.84261,9.232544,69.20001
1400139424000,52.84261,9.232544,69.20001
1400139425000,52.84261,9.232544,69.20001
1400139426000,52.84261,9.232544,69.20001
1400139427000,52.84261,9.232544,69.20001
1400139428000,52.84261,9.232544,69.20001
1400139429000,52.84261,9.232544,69.20001
1400139430000,52.84261,9.232544,69.20001
1400139431000,52.84261,9.232544,69.20001
1400139432000,52.84261,9.232544,69.20001
1400139433000,52.84261,9.232544,69.20001
1400139434000,52.84261,9.232544,69.20001
1400139435000,52.84261,9.232544,69.20001
1400139436000,52.84261,9.232544,69.20001
1400139437000,52.84261,9.232544,69.20001
1400139438000,52.84261,9.232544,69.20001
1400139439000,52.84261,9.232544,69.20001
1400139440000,52.84261,9.232544,69.20001
1400139441000,52.84261,9.232544,69.20001
1400139442000,52.84261,9.232544,69.20001
1400139443000,52.84261,9.232544,69.20001
1400139444000,52.84261,9.232544,69.20001
1400139445000,52.84264,9.23257,67.900024
1400139446000,52.842636,9.232581,68.0
1400139447000,52.842632,9.232586,68.0
1400139448000,52.842636,9.232584,68.0
1400139449000,52.842632,9.232586,68.0
1400139450000,52.842632,9.232583,68.0
1400139451000,52.842632,9.232578,68.099976
1400139452000,52.842636,9.232576,68.0
1400139453000,52.842636,9.232576,68.0
1400139454000,52.842644,9.232576,67.900024
1400139456000,52.842644,9.232579,67.79999
1400139457000,52.84264,9.23258,67.79999
1400139458000,52.84264,9.23258,67.79999
1400139459000,52.84265,9.232586,67.79999
1400139460000,52.842655,9.232585,67.79999
1400139461000,52.84266,9.232585,67.900024
1400139462000,52.842663,9.232585,67.79999
1400139463000,52.842667,9.232583,67.70001
1400139464000,52.842667,9.232582,67.599976
1400139465000,52.842667,9.232582,67.599976
1400139466000,52.842667,9.232582,67.599976
1400139467000,52.842667,9.232582,67.599976
1400139468000,52.842667,9.232582,67.599976
1400139469000,52.842667,9.232582,67.599976
1400139470000,52.842667,9.232582,67.599976
1400139471000,52.842667,9.232582,67.599976
1400139472000,52.842667,9.232582,67.599976
1400139473000,52.842667,9.232582,67.599976
1400139474000,52.842667,9.232582,67.599976
1400139475000,52.842667,9.232582,67.599976
1400139476000,52.842667,9.232582,67.599976
1400139477000,52.842667,9.232582,67.599976
1400139478000,52.842667,9.232582,67.599976
1400139479000,52.842667,9.232582,67.599976
1400139480000,52.842667,9.232582,67.599976
1400139481000,52.84262,9.232588,67.79999
1400139482000,52.842625,9.232591,67.70001
1400139483000,52.842632,9.232594,67.599976
1400139484000,52.842636,9.232594,67.599976
1400139485000,52.842636,9.232589,67.599976
1400139486000,52.842636,9.232588,67.5
1400139487000,52.842632,9.232585,67.599976
1400139488000,52.84263,9.232585,67.5
1400139489000,52.84263,9.232583,67.400024
1400139490000,52.842625,9.232581,67.29999
1400139491000,52.842617,9.232587,67.20001
1400139492000,52.84261,9.232593,67.099976
1400139493000,52.842606,9.232596,67.0
1400139494000,52.8426,9.232602,66.70001
1400139495000,52.842606,9.232603,66.599976
1400139496000,52.842606,9.2326,66.5
1400139497000,52.84261,9.232597,66.29999
1400139498000,52.84261,9.232597,66.29999
1400139499000,52.8426,9.232607,66.20001
1400139500000,52.842606,9.232612,66.0
1400139501000,52.842606,9.23261,65.79999
1400139502000,52.842606,9.232607,65.70001
1400139503000,52.842606,9.232607,65.70001
1400139504000,52.842606,9.232607,65.70001
1400139505000,52.842606,9.232607,65.70001
1400139506000,52.842606,9.232607,65.70001
1400139507000,52.842606,9.232607,65.70001
1400139508000,52.842606,9.232607,65.70001
1400139509000,52.842606,9.232607,65.70001
1400139510000,52.842606,9.232607,65.70001
1400139511000,52.842606,9.232607,65.70001
1400139512000,52.842606,9.232607,65.70001
1400139513000,52.842606,9.232607,65.70001
1400139514000,52.842606,9.232607,65.70001
1400139515000,52.842606,9.232607,65.70001
1400139516000,52.8426,9.232604,62.700012
1400139517000,52.842598,9.232613,62.599976
1400139518000,52.84259,9.232619,62.5
1400139519000,52.842587,9.232623,62.5
1400139520000,52.842587,9.232625,62.5
1400139521000,52.84259,9.232628,62.400024
1400139522000,52.842587,9.232631,62.299988
1400139523000,52.842583,9.232634,62.200012
1400139524000,52.842583,9.232634,62.099976
1400139525000,52.842583,9.232631,62.0
1400139526000,52.842583,9.232626,62.0
1400139527000,52.842583,9.232622,62.0
1400139528000,52.842583,9.232619,62.0
1400139529000,52.842587,9.2326145,62.0
1400139530000,52.842583,9.232614,62.0
1400139531000,52.842583,9.232614,62.0
1400139532000,52.842583,9.232614,62.0
1400139533000,52.842583,9.232614,62.0
1400139534000,52.842583,9.232614,62.0
1400139535000,52.842583,9.232614,62.0
1400139536000,52.842583,9.232614,62.0
1400139537000,52.842583,9.232614,62.0
1400139538000,52.842583,9.232614,62.0
1400139539000,52.842583,9.232614,62.0
1400139540000,52.842583,9.232614,62.0
1400139541000,52.842583,9.232614,62.0
1400139542000,52.84259,9.232575,62.200012
1400139543000,52.842594,9.232575,62.200012
1400139544000,52.8426,9.232576,62.299988
1400139545000,52.842606,9.232579,62.200012
1400139546000,52.84261,9.232584,62.200012
1400139547000,52.84261,9.232583,62.200012
1400139548000,52.84261,9.232584,62.200012
1400139549000,52.84261,9.232584,62.200012
1400139550000,52.84261,9.232585,62.200012
1400139551000,52.84261,9.232585,62.200012
1400139552000,52.84261,9.232585,62.200012
1400139553000,52.84261,9.232585,62.200012
1400139554000,52.84261,9.232585,62.200012
1400139556000,52.84261,9.232585,62.200012
1400139557000,52.84261,9.232585,62.200012
1400139558000,52.84261,9.232585,62.200012
1400139559000,52.842587,9.2326,61.700012
1400139560000,52.842583,9.232598,61.599976
1400139561000,52.84258,9.2326,61.599976
1400139562000,52.842575,9.232603,61.5
1400139563000,52.842567,9.232612,61.299988
1400139564000,52.842564,9.232618,61.200012
1400139565000,52.84256,9.232625,61.200012
1400139566000,52.842556,9.232632,61.0
1400139567000,52.84256,9.232634,61.0
1400139568000,52.84256,9.232633,61.0
1400139569000,52.842564,9.232629,60.900024
1400139570000,52.842564,9.232627,60.900024
1400139571000,52.842564,9.232627,60.900024
1400139572000,52.842564,9.232627,60.900024
1400139573000,52.842564,9.232627,60.900024
1400139574000,52.842564,9.232627,60.900024
1400139575000,52.842564,9.232627,60.900024
1400139576000,52.842564,9.232627,60.900024
1400139577000,52.842564,9.232627,60.900024
1400139578000,52.842564,9.232627,60.900024
1400139579000,52.842564,9.232627,60.900024
1400139580000,52.842564,9.232627,60.900024
1400139581000,52.842564,9.232627,60.900024
1400139582000,52.842564,9.232627,60.900024
1400139583000,52.842564,9.232627,60.900024
1400139584000,52.842564,9.232627,60.900024
1400139585000,52.842564,9.232627,60.900024
1400139586000,52.842564,9.232627,60.900024
1400139587000,52.842564,9.232627,60.900024
1400139588000,52.842564,9.232627,60.900024
1400139589000,52.842564,9.232627,60.900024
1400139590000,52.842564,9.232627,60.900024
1400139591000,52.842556,9.232614,59.5
1400139592000,52.84255,9.232613,59.5
1400139593000,52.84255,9.232611,59.400024
1400139594000,52.842552,9.232606,59.400024
1400139595000,52.842556,9.232604,59.299988
1400139596000,52.842556,9.232604,59.299988
1400139597000,52.842556,9.232604,59.299988
1400139598000,52.842556,9.232604,59.299988
1400139599000,52.842556,9.232604,59.299988
1400139600000,52.842556,9.232604,59.299988
1400139601000,52.842556,9.232604,59.299988
1400139602000,52.842556,9.232604,59.299988
1400139603000,52.842556,9.232604,59.299988
1400139604000,52.842556,9.232604,59.299988
1400139605000,52.842556,9.232604,59.299988
1400139606000,52.842556,9.232604,59.299988
1400139607000,52.842556,9.232604,59.299988
1400139608000,52.842545,9.232592,59.200012
1400139609000,52.842545,9.232597,59.099976
1400139610000,52.84254,9.232604,58.900024
1400139611000,52.842537,9.232611,58.799988
1400139612000,52.842537,9.232613,58.599976
1400139613000,52.84254,9.232616,58.5
1400139614000,52.842545,9.232614,58.599976
1400139615000,52.842545,9.232614,58.599976
1400139616000,52.842545,9.232614,58.599976
1400139617000,52.842545,9.232614,58.599976
1400139618000,52.842545,9.232614,58.599976
1400139619000,52.842545,9.232614,58.599976
1400139620000,52.842545,9.232614,58.599976
1400139621000,52.842537,9.23263,58.299988
1400139622000,52.842537,9.232635,58.299988
1400139623000,52.842545,9.232634,58.299988
1400139624000,52.842545,9.232633,58.400024
1400139625000,52.842545,9.232634,58.400024
1400139626000,52.842545,9.23263,58.299988
1400139627000,52.842545,9.23263,58.299988
1400139628000,52.842545,9.23263,58.299988
1400139629000,52.842545,9.23263,58.299988
1400139630000,52.842545,9.23263,58.299988
1400139631000,52.842545,9.23263,58.299988
1400139632000,52.842545,9.23263,58.299988
1400139633000,52.842545,9.23263,58.299988
1400139634000,52.84256,9.232607,59.099976
1400139635000,52.842575,9.232599,59.400024
1400139636000,52.842583,9.232593,59.700012
1400139637000,52.842587,9.232588,59.700012
1400139638000,52.842594,9.232584,59.799988
1400139639000,52.8426,9.232575,59.799988
1400139640000,52.8426,9.232573,59.900024
1400139641000,52.842598,9.232571,60.0
1400139642000,52.8426,9.232567,60.099976
1400139643000,52.8426,9.232567,60.099976
1400139644000,52.8426,9.232567,60.099976
1400139645000,52.8426,9.232567,60.099976
1400139646000,52.8426,9.232567,60.099976
1400139647000,52.84258,9.232556,60.299988
1400139648000,52.842575,9.232557,60.599976
1400139649000,52.842575,9.232555,60.599976
1400139650000,52.842575,9.23255,60.799988
1400139651000,52.842575,9.232547,61.099976
1400139652000,52.84258,9.232547,61.200012
1400139653000,52.84258,9.232545,61.099976
1400139654000,52.84258,9.232545,61.099976
1400139656000,52.84258,9.232545,61.099976
1400139657000,52.84258,9.232545,61.099976
1400139658000,52.84258,9.232545,61.099976
1400139659000,52.84258,9.232545,61.099976
1400139660000,52.84258,9.232545,61.099976
1400139661000,52.84258,9.232545,61.099976
1400139662000,52.84258,9.232545,61.099976
1400139663000,52.84258,9.232545,61.099976
1400139664000,52.84256,9.232543,62.5
1400139665000,52.842556,9.232547,62.5
1400139666000,52.842552,9.232557,62.400024
1400139667000,52.84255,9.232565,62.400024
1400139668000,52.842545,9.232569,62.400024
1400139669000,52.84254,9.232572,62.400024
1400139670000,52.84254,9.232572,62.400024
1400139671000,52.84254,9.232572,62.400024
1400139672000,52.84254,9.232572,62.400024
1400139673000,52.84254,9.232572,62.400024
1400139674000,52.84254,9.232572,62.400024
1400139675000,52.84254,9.232572,62.400024
1400139676000,52.84254,9.232572,62.400024
1400139677000,52.84254,9.232572,62.400024
1400139678000,52.842545,9.232555,62.299988
1400139679000,52.84255,9.2325535,62.200012
1400139680000,52.842552,9.232552,62.099976
1400139681000,52.842556,9.23255,61.900024
1400139682000,52.84256,9.232546,61.900024
1400139683000,52.84256,9.232543,61.900024
1400139684000,52.84256,9.232543,61.900024
1400139685000,52.84256,9.232543,61.900024
1400139686000,52.84256,9.232543,61.900024
1400139687000,52.842552,9.232541,62.299988
1400139688000,52.84255,9.232541,62.400024
1400139689000,52.84255,9.232546,62.299988
1400139690000,52.842545,9.23255,62.599976
1400139691000,52.842545,9.23255,62.599976
1400139692000,52.842545,9.23255,62.599976
1400139693000,52.842545,9.23255,62.599976
1400139694000,52.842545,9.23255,62.599976
1400139695000,52.842545,9.23255,62.599976
1400139696000,52.842545,9.23255,62.599976
1400139697000,52.842545,9.23255,62.599976
1400139698000,52.842545,9.23255,62.599976
1400139699000,52.842545,9.23255,62.599976
1400139700000,52.842545,9.23255,62.599976
1400139701000,52.842545,9.23255,62.599976
1400139702000,52.842545,9.23255,62.599976
1400139703000,52.84257,9.23253,63.299988
1400139704000,52.84257,9.232522,63.400024
1400139705000,52.842575,9.232514,63.400024
1400139706000,52.842575,9.2325115,63.5
1400139707000,52.842575,9.232514,63.5
1400139708000,52.84258,9.232522,63.5
1400139709000,52.84258,9.232522,63.5
1400139710000,52.84258,9.232522,63.5
1400139711000,52.84258,9.232522,63.5
1400139712000,52.84258,9.232522,63.5
1400139713000,52.84258,9.232522,63.5
1400139714000,52.84258,9.232522,63.5
1400139715000,52.84258,9.232522,63.5
1400139716000,52.84258,9.232522,63.5
1400139717000,52.84258,9.232522,63.5
1400139718000,52.84258,9.232522,63.5
1400139719000,52.842594,9.232515,63.900024
1400139720000,52.84259,9.232509,64.0
1400139721000,52.84259,9.232504,64.099976
1400139722000,52.842594,9.2325,64.0
1400139723000,52.842594,9.232503,64.099976
1400139724000,52.842594,9.232507,64.20001
1400139725000,52.842594,9.23251,64.20001
1400139726000,52.84259,9.232509,64.29999
1400139727000,52.842583,9.23251,64.400024
1400139728000,52.84258,9.2325115,64.5
1400139729000,52.842575,9.232514,64.599976
1400139730000,52.84257,9.232514,64.79999
1400139731000,52.842564,9.232513,65.0
1400139732000,52.842564,9.232512,65.099976
1400139733000,52.842564,9.232513,65.20001
1400139734000,52.84257,9.2325115,65.20001
1400139735000,52.84257,9.2325115,65.20001
1400139736000,52.84257,9.2325115,65.20001
1400139737000,52.84257,9.2325115,65.20001
1400139738000,52.84257,9.2325115,65.20001
1400139739000,52.84257,9.2325115,65.20001
1400139740000,52.84257,9.2325115,65.20001
1400139741000,52.84257,9.2325115,65.20001
1400139742000,52.84257,9.2325115,65.20001
1400139743000,52.84257,9.2325115,65.20001
1400139744000,52.84257,9.2325115,65.20001
1400139745000,52.84257,9.2325115,65.20001
1400139746000,52.84257,9.2325115,65.20001
1400139747000,52.84257,9.2325115,65.20001
1400139748000,52.84257,9.2325115,65.20001
1400139749000,52.84257,9.2325115,65.20001
1400139750000,52.84257,9.2325115,65.20001
1400139751000,52.84257,9.2325115,65.20001
1400139752000,52.84257,9.2325115,65.20001
1400139753000,52.84257,9.2325115,65.20001
1400139754000,52.84257,9.2325115,65.20001
1400139756000,52.84257,9.2325115,65.20001
1400139757000,52.84257,9.2325115,65.20001
1400139758000,52.84257,9.2325115,65.20001
1400139759000,52.842583,9.232507,65.400024
1400139760000,52.84258,9.232506,65.400024
1400139761000,52.84257,9.232504,65.29999
1400139762000,52.842564,9.232501,65.29999
1400139763000,52.84256,9.232502,65.29999
1400139764000,52.842556,9.232497,65.29999
1400139765000,52.84255,9.2324915,65.20001
1400139766000,52.842545,9.232489,65.20001
1400139767000,52.842537,9.232484,65.20001
1400139768000,52.84253,9.232474,65.20001
1400139769000,52.842525,9.232471,65.099976
1400139770000,52.84252,9.232473,65.0
1400139771000,52.842518,9.232475,64.79999
1400139772000,52.84252,9.2324705,64.79999
1400139773000,52.84252,9.232465,64.599976
1400139774000,52.84252,9.232465,64.599976
1400139775000,52.84252,9.232465,64.599976
1400139776000,52.84252,9.232465,64.599976
1400139777000,52.84252,9.232465,64.599976
1400139778000,52.84252,9.232465,64.599976
1400139779000,52.84252,9.232465,64.599976
1400139780000,52.84252,9.232465,64.599976
1400139781000,52.84252,9.232465,64.599976
1400139782000,52.84252,9.232465,64.599976
1400139783000,52.84252,9.232465,64.599976
1400139784000,52.84254,9.23244,63.900024
1400139785000,52.842545,9.232438,63.900024
1400139786000,52.84255,9.232431,64.0
1400139787000,52.842545,9.232429,64.0
1400139788000,52.842545,9.232429,64.0
1400139789000,52.842545,9.232429,64.0
1400139790000,52.842552,9.232434,63.799988
1400139791000,52.842552,9.232434,63.700012
1400139792000,52.84255,9.232429,63.700012
1400139793000,52.84255,9.232423,63.599976
1400139794000,52.842545,9.232421,63.700012
1400139795000,52.842545,9.232417,63.700012
1400139796000,52.842545,9.232412,63.599976
1400139797000,52.84255,9.232409,63.700012
1400139798000,52.842552,9.232407,63.599976
1400139799000,52.842556,9.232407,63.599976
1400139800000,52.84256,9.232407,63.700012
1400139801000,52.84256,9.232412,63.700012
1400139802000,52.842567,9.232418,63.5
1400139803000,52.842567,9.232425,63.5
1400139804000,52.842567,9.23243,63.599976
1400139805000,52.842567,9.232434,63.599976
1400139806000,52.842567,9.232439,63.599976
1400139807000,52.842567,9.232441,63.700012
1400139808000,52.842567,9.232441,63.700012
1400139809000,52.842564,9.232445,63.900024
1400139810000,52.842564,9.232447,64.0
1400139811000,52.84256,9.232449,64.099976
1400139812000,52.842556,9.232453,64.099976
1400139813000,52.842552,9.232457,64.099976
1400139814000,52.84255,9.232459,64.099976
1400139815000,52.842552,9.23246,64.0
1400139816000,52.842556,9.232458,64.0
1400139817000,52.842556,9.232458,64.0
1400139818000,52.842556,9.232458,64.0
1400139819000,52.842556,9.232458,64.0
1400139820000,52.842556,9.232458,64.0
1400139821000,52.84255,9.232475,64.400024
1400139822000,52.842545,9.232482,64.400024
1400139823000,52.84254,9.232486,64.400024
1400139824000,52.84254,9.23249,64.400024
1400139825000,52.842537,9.232492,64.5
1400139826000,52.84254,9.2324915,64.5
1400139827000,52.842545,9.232487,64.5
1400139828000,52.842545,9.232487,64.5
1400139829000,52.842545,9.232481,64.400024
1400139830000,52.84254,9.232487,64.20001
1400139831000,52.842537,9.232493,64.0
1400139832000,52.84254,9.232497,63.799988
1400139833000,52.842545,9.232497,63.900024
1400139834000,52.84255,9.232498,63.900024
1400139835000,52.84255,9.232498,63.900024
1400139836000,52.84255,9.232498,63.900024
1400139837000,52.84255,9.232507,63.599976
1400139838000,52.84255,9.232509,63.700012
1400139839000,52.842552,9.232508,63.700012
1400139840000,52.842556,9.232506,63.799988
1400139841000,52.842556,9.232506,63.799988
1400139842000,52.842556,9.232506,63.799988
1400139843000,52.842556,9.232506,63.799988
1400139844000,52.842556,9.232506,63.799988
1400139845000,52.842556,9.232506,63.799988
1400139846000,52.842556,9.232513,63.900024
1400139847000,52.842556,9.232517,64.0
1400139848000,52.842556,9.232517,64.0
1400139849000,52.84256,9.232515,64.099976
1400139850000,52.84256,9.232512,64.099976
1400139851000,52.84256,9.2325115,64.20001
1400139852000,52.842564,9.232509,64.099976
1400139853000,52.842564,9.232507,64.0
1400139854000,52.842564,9.232507,64.0
1400139856000,52.842564,9.232507,64.0
1400139857000,52.842564,9.232507,64.0
1400139858000,52.842575,9.232519,63.799988
1400139859000,52.842583,9.232517,63.799988
1400139860000,52.84259,9.23251,63.900024
1400139861000,52.842594,9.232506,63.900024
1400139862000,52.84259,9.232506,63.900024
1400139863000,52.842583,9.232512,63.799988
1400139864000,52.84258,9.232514,63.700012
1400139865000,52.84258,9.232514,63.799988
1400139866000,52.84258,9.232514,63.700012
1400139867000,52.84257,9.23252,63.700012
1400139868000,52.842564,9.232523,63.599976
1400139869000,52.842556,9.232528,63.700012
1400139870000,52.842552,9.232529,63.700012
1400139871000,52.84254,9.232532,63.700012
1400139872000,52.842533,9.232537,63.700012
1400139873000,52.842525,9.232542,63.700012
1400139874000,52.84252,9.232545,63.700012
1400139875000,52.84252,9.232545,63.599976
1400139876000,52.842518,9.232547,63.599976
1400139877000,52.842518,9.232547,63.599976
1400139878000,52.842518,9.232547,63.599976
1400139879000,52.842518,9.232547,63.599976
1400139880000,52.842518,9.232547,63.599976
1400139881000,52.842506,9.232556,63.200012
1400139882000,52.842503,9.232559,63.299988
1400139883000,52.842503,9.232559,63.299988
1400139884000,52.842503,9.232558,63.299988
1400139885000,52.842503,9.232558,63.299988
1400139886000,52.842503,9.232558,63.299988
1400139887000,52.842495,9.23257,62.900024
1400139888000,52.842495,9.232574,62.799988
1400139889000,52.842495,9.232572,62.5
1400139890000,52.842495,9.232572,62.5
1400139891000,52.842495,9.232572,62.5
1400139892000,52.842506,9.232567,62.200012
1400139893000,52.842506,9.232564,62.099976
1400139894000,52.842514,9.232559,62.0
1400139895000,52.84252,9.232557,61.799988
1400139896000,52.84253,9.2325535,61.700012
1400139897000,52.842533,9.2325535,61.700012
1400139898000,52.84254,9.232551,61.599976
1400139899000,52.842545,9.232548,61.599976
1400139900000,52.84255,9.232546,61.5
1400139901000,52.84255,9.232546,61.5
1400139902000,52.842552,9.232547,61.400024
1400139903000,52.842552,9.232547,61.400024
1400139904000,52.842552,9.232547,61.400024
1400139905000,52.842552,9.232547,61.400024
1400139906000,52.842552,9.232547,61.400024
1400139907000,52.842552,9.232547,61.400024
1400139908000,52.842552,9.232547,61.400024
1400139909000,52.842552,9.232547,61.400024
1400139910000,52.842552,9.232547,61.400024
1400139911000,52.842552,9.232547,61.400024
1400139912000,52.84256,9.232549,60.299988
1400139913000,52.842567,9.232554,60.099976
1400139914000,52.842567,9.232558,60.0
1400139915000,52.842567,9.232564,59.900024
1400139916000,52.842567,9.23257,59.900024
1400139917000,52.842564,9.2325735,59.900024
1400139918000,52.842564,9.232575,59.900024
1400139919000,52.842564,9.232575,59.900024
1400139920000,52.842564,9.232575,59.900024
1400139921000,52.842564,9.232575,59.900024
1400139922000,52.842564,9.232575,59.900024
1400139923000,52.842564,9.232575,59.900024
1400139924000,52.842564,9.232575,59.900024
1400139925000,52.842564,9.232575,59.900024
1400139926000,52.842564,9.232575,59.900024
1400139927000,52.842564,9.232575,59.900024
1400139928000,52.842564,9.232575,59.900024
1400139929000,52.842564,9.232575,59.900024
1400139930000,52.842552,9.232577,59.0
1400139931000,52.842552,9.232582,59.0
1400139932000,52.84255,9.232587,58.900024
1400139933000,52.84255,9.232591,58.799988
1400139934000,52.842545,9.232593,58.599976
1400139935000,52.842537,9.232594,58.400024
1400139936000,52.842533,9.232597,58.400024
1400139937000,52.84253,9.232601,58.200012
1400139938000,52.84253,9.232606,58.099976
1400139939000,52.842533,9.23261,58.099976
1400139940000,52.842533,9.23261,58.099976
1400139941000,52.842533,9.23261,58.099976
1400139942000,52.842533,9.23261,58.099976
1400139943000,52.842533,9.23261,58.099976
1400139944000,52.842545,9.232584,58.099976
1400139945000,52.84255,9.232563,58.200012
1400139946000,52.842552,9.232544,58.200012
1400139947000,52.84256,9.232526,58.099976
1400139948000,52.84257,9.23251,58.099976
1400139949000,52.842583,9.232493,58.0
1400139950000,52.842594,9.232484,58.0
1400139951000,52.842598,9.232479,57.799988
1400139952000,52.8426,9.232479,57.799988
1400139953000,52.8426,9.232477,57.799988
1400139954000,52.8426,9.232472,57.799988
1400139956000,52.842594,9.232462,57.799988
1400139957000,52.842594,9.232458,57.799988
1400139958000,52.842594,9.232457,57.799988
1400139959000,52.842594,9.232461,57.799988
1400139960000,52.842598,9.232462,57.900024
1400139961000,52.8426,9.232455,58.0
1400139962000,52.842606,9.232449,58.0
1400139963000,52.842606,9.232442,58.0
1400139964000,52.842606,9.232441,58.0
1400139965000,52.84261,9.232442,58.099976
1400139966000,52.84261,9.232444,58.0
1400139967000,52.842617,9.232442,58.0
1400139968000,52.84262,9.23244,58.0
1400139969000,52.84262,9.232441,57.799988
1400139970000,52.84262,9.232444,57.599976
1400139971000,52.842625,9.232445,57.5
1400139972000,52.842636,9.232441,57.599976
1400139973000,52.84264,9.232443,57.5
1400139974000,52.84264,9.232446,57.299988
1400139975000,52.84264,9.2324505,57.200012
1400139976000,52.842636,9.232452,57.200012
1400139977000,52.842636,9.232452,57.200012
1400139978000,52.842636,9.232452,57.200012
1400139979000,52.84263,9.232465,57.0
1400139980000,52.842632,9.232469,57.099976
1400139981000,52.84263,9.232473,57.0
1400139982000,52.84263,9.232478,57.0
1400139983000,52.84263,9.232478,57.0
1400139984000,52.84263,9.232478,57.0
1400139985000,52.84263,9.232478,57.0
1400139986000,52.84263,9.232478,57.0
1400139987000,52.842625,9.23249,57.5
1400139988000,52.842625,9.23249,57.5
1400139989000,52.84262,9.23249,57.599976
1400139990000,52.84262,9.232487,57.700012
1400139991000,52.84262,9.232487,57.700012
1400139992000,52.84262,9.232487,57.700012
1400139993000,52.84262,9.232487,57.700012
1400139994000,52.84262,9.232487,57.700012
1400139995000,52.842632,9.232495,58.5
1400139996000,52.842636,9.232496,58.599976
1400139997000,52.842644,9.232493,59.0
1400139998000,52.842648,9.232494,59.099976
1400139999000,52.842648,9.232494,59.099976
1400140000000,52.842655,9.232491,59.099976
1400140001000,52.842663,9.23248,59.099976
1400140002000,52.842674,9.232466,59.0
1400140003000,52.84268,9.232457,59.0
1400140004000,52.84268,9.232456,59.0
1400140005000,52.842678,9.232464,59.0
1400140006000,52.84268,9.232477,59.0
1400140007000,52.8427,9.232473,58.900024
1400140008000,52.842712,9.232467,59.099976
1400140009000,52.84272,9.232469,59.099976
1400140010000,52.842728,9.232475,59.0
1400140011000,52.84274,9.232482,59.099976
1400140012000,52.84275,9.232488,58.900024
1400140013000,52.84276,9.2324915,58.700012
1400140014000,52.84276,9.232498,58.599976
1400140015000,52.842762,9.232503,58.599976
1400140016000,52.84277,9.232503,58.5
1400140017000,52.84277,9.232501,58.599976
1400140018000,52.842773,9.232492,58.599976
1400140019000,52.842773,9.232488,58.5
1400140020000,52.842773,9.232485,58.5
1400140021000,52.842773,9.232493,58.200012
1400140022000,52.842773,9.232496,58.200012
1400140023000,52.842773,9.232496,58.200012
1400140024000,52.842773,9.232496,58.200012
1400140025000,52.84278,9.232485,58.200012
1400140026000,52.84279,9.232477,58.200012
1400140027000,52.842796,9.23247,58.299988
1400140028000,52.842804,9.232464,58.299988
1400140029000,52.842808,9.232462,58.299988
1400140030000,52.84281,9.232468,58.299988
1400140031000,52.84281,9.232472,58.400024
1400140032000,52.84281,9.232474,58.400024
1400140033000,52.84282,9.232474,58.400024
1400140034000,52.842827,9.232472,58.400024
1400140035000,52.842827,9.232471,58.400024
1400140036000,52.842827,9.232468,58.400024
1400140037000,52.842823,9.232466,58.299988
1400140038000,52.842823,9.232466,58.299988
1400140039000,52.842823,9.232466,58.299988
1400140040000,52.842823,9.232466,58.299988
1400140041000,52.842823,9.232466,58.299988
1400140042000,52.842823,9.232466,58.299988
1400140043000,52.842823,9.232466,58.299988
1400140044000,52.842823,9.232466,58.299988
1400140045000,52.842827,9.23247,58.099976
1400140046000,52.842834,9.232473,58.099976
1400140047000,52.842846,9.232474,58.099976
1400140050000,52.842876,9.232475,58.200012
1400140061000,52.84297,9.232446,57.900024
1400140062000,52.842964,9.232447,57.299988
1400140063000,52.84294,9.232465,57.200012
1400140064000,52.842937,9.2324705,57.400024
1400140065000,52.842937,9.23248,57.400024
1400140066000,52.842934,9.232492,57.0
1400140068000,52.842934,9.232519,56.799988
1400140069000,52.842934,9.23253,56.599976
1400140070000,52.842926,9.232542,56.099976
1400140071000,52.842922,9.2325535,55.700012
1400140072000,52.842915,9.232563,55.299988
1400140073000,52.842896,9.232569,54.400024
1400140074000,52.842884,9.232576,53.400024
1400140075000,52.842873,9.232582,52.599976
1400140076000,52.84286,9.232587,51.700012
1400140077000,52.842846,9.232589,50.700012
1400140078000,52.842827,9.232593,50.400024
1400140079000,52.84281,9.232605,50.400024
1400140080000,52.842796,9.232619,49.900024
1400140081000,52.84278,9.232627,49.400024
1400140082000,52.842766,9.232633,48.700012
1400140083000,52.84275,9.232636,47.700012
1400140084000,52.84274,9.232639,48.5
1400140085000,52.842724,9.232643,49.099976
1400140086000,52.842705,9.232627,51.299988
1400140087000,52.8427,9.23262,52.700012
1400140088000,52.842686,9.232613,52.799988
1400140089000,52.842686,9.232613,52.799988
1400140090000,52.842686,9.232613,52.799988
1400140091000,52.842686,9.232613,52.799988
1400140092000,52.842686,9.232613,52.799988
1400140093000,52.842686,9.232613,52.799988
1400140094000,52.842686,9.232613,52.799988
1400140095000,52.842663,9.232604,51.5
1400140096000,52.842663,9.232613,51.400024
1400140097000,52.842667,9.232624,52.799988
1400140098000,52.84266,9.232625,53.200012
1400140099000,52.842648,9.232642,53.099976
1400140100000,52.84265,9.232673,52.900024
1400140101000,52.842648,9.23271,53.099976
1400140102000,52.842648,9.232756,53.200012
1400140103000,52.842648,9.232799,53.799988
1400140104000,52.842644,9.232854,53.700012
1400140105000,52.84265,9.232899,54.400024
1400140106000,52.842655,9.232948,54.5
1400140107000,52.842663,9.232999,54.599976
1400140108000,52.842667,9.233049,54.400024
1400140109000,52.84267,9.2331,54.700012
1400140110000,52.84267,9.233154,54.599976
1400140111000,52.842674,9.233203,54.799988
1400140112000,52.84267,9.233256,54.799988
1400140113000,52.84267,9.233306,55.200012
1400140114000,52.842674,9.233359,55.400024
1400140115000,52.842674,9.233412,55.200012
1400140116000,52.842674,9.233466,55.200012
1400140117000,52.842674,9.2335205,55.099976
1400140118000,52.842674,9.233572,55.400024
1400140119000,52.84267,9.233624,55.200012
1400140120000,52.842674,9.233678,55.5
1400140121000,52.842678,9.233728,55.299988
1400140122000,52.84268,9.233782,55.400024
1400140123000,52.842693,9.23383,55.900024
1400140124000,52.842697,9.233884,55.900024
1400140125000,52.8427,9.233933,55.900024
1400140126000,52.8427,9.233984,55.799988
1400140127000,52.8427,9.234036,55.900024
1400140128000,52.8427,9.234086,56.099976
1400140129000,52.84271,9.234134,56.400024
1400140130000,52.84271,9.234185,56.599976
1400140131000,52.842693,9.234231,56.400024
1400140132000,52.84268,9.234255,56.5
1400140133000,52.84267,9.234266,56.599976
1400140134000,52.84267,9.234241,56.700012
1400140135000,52.842667,9.234199,56.700012
1400140136000,52.842663,9.234157,56.900024
1400140137000,52.842667,9.23411,56.900024
1400140138000,52.84267,9.234063,56.700012
1400140139000,52.842667,9.234019,56.5
1400140140000,52.842663,9.233979,56.5
1400140141000,52.84266,9.233939,56.400024
1400140142000,52.84265,9.233895,56.099976
1400140143000,52.84265,9.233846,55.799988
1400140144000,52.842648,9.2338,55.599976
1400140145000,52.842644,9.233756,55.5
1400140146000,52.84264,9.233706,55.400024
1400140147000,52.842636,9.233656,55.299988
1400140148000,52.842636,9.233608,55.400024
1400140149000,52.84264,9.233559,55.400024
1400140150000,52.842636,9.233503,55.200012
1400140151000,52.842636,9.233451,55.200012
1400140152000,52.842632,9.233402,55.099976
1400140153000,52.84263,9.233361,55.200012
1400140154000,52.84263,9.233321,55.400024
1400140155000,52.842632,9.233279,55.400024
1400140156000,52.84263,9.233243,55.5
1400140157000,52.842625,9.233219,55.5
1400140158000,52.84262,9.233197,55.5
1400140159000,52.842613,9.233173,55.200012
1400140160000,52.842617,9.233151,55.299988
1400140161000,52.842617,9.233125,55.299988
1400140162000,52.842617,9.233098,55.299988
1400140163000,52.842617,9.233068,55.200012
1400140164000,52.842617,9.233045,55.299988
1400140165000,52.84262,9.23302,55.400024
1400140166000,52.84262,9.232998,55.400024
